DAYS_LAST_INFO_CHANGE,count
0.0,19948
1.0,1484
2.0,1253
3.0,933
4.0,691
5.0,437
6.0,284
7.0,243
8.0,156
329.0,126
476.0,124
499.0,115
351.0,114
399.0,114
293.0,113
404.0,112
352.0,109
361.0,108
392.0,108
574.0,108
370.0,108
330.0,108
334.0,108
301.0,107
479.0,107
463.0,107
360.0,106
421.0,106
706.0,106
531.0,105
452.0,105
427.0,105
319.0,105
500.0,104
378.0,104
11.0,104
488.0,104
308.0,103
546.0,103
460.0,103
432.0,103
469.0,103
13.0,103
350.0,102
492.0,102
509.0,102
522.0,102
355.0,102
447.0,102
304.0,102
483.0,101
588.0,101
335.0,101
455.0,101
315.0,101
518.0,100
396.0,100
316.0,100
420.0,100
448.0,99
385.0,99
415.0,99
347.0,99
341.0,99
260.0,99
484.0,99
291.0,99
290.0,99
338.0,99
672.0,99
364.0,98
9.0,98
487.0,98
285.0,98
609.0,98
413.0,98
363.0,98
372.0,98
358.0,98
512.0,98
441.0,97
536.0,97
632.0,97
417.0,97
435.0,97
359.0,97
262.0,97
340.0,97
259.0,97
461.0,97
473.0,97
443.0,97
252.0,97
362.0,96
576.0,96
428.0,96
343.0,96
566.0,96
506.0,96
707.0,96
279.0,96
540.0,95
273.0,95
405.0,95
320.0,95
424.0,95
494.0,95
278.0,95
480.0,95
466.0,95
630.0,95
564.0,95
365.0,95
306.0,95
300.0,95
541.0,95
354.0,94
529.0,94
549.0,94
294.0,94
299.0,94
271.0,94
493.0,94
391.0,94
376.0,94
700.0,94
544.0,94
276.0,94
538.0,94
556.0,94
402.0,94
280.0,94
445.0,93
423.0,93
394.0,93
349.0,93
313.0,93
503.0,93
416.0,93
470.0,93
464.0,93
321.0,93
444.0,93
454.0,93
353.0,92
371.0,92
501.0,92
263.0,92
266.0,92
596.0,92
12.0,92
597.0,92
560.0,92
496.0,92
561.0,92
367.0,92
567.0,92
478.0,92
534.0,92
339.0,92
245.0,92
587.0,92
731.0,91
288.0,91
628.0,91
578.0,91
686.0,91
462.0,91
366.0,91
264.0,91
497.0,91
434.0,91
450.0,91
16.0,91
438.0,91
511.0,91
297.0,91
373.0,91
457.0,90
356.0,90
380.0,90
505.0,90
406.0,90
446.0,90
599.0,90
210.0,90
458.0,90
475.0,90
625.0,90
481.0,90
261.0,89
211.0,89
258.0,89
302.0,89
451.0,89
246.0,89
539.0,89
729.0,88
504.0,88
419.0,88
468.0,88
589.0,88
573.0,88
310.0,88
604.0,88
551.0,88
333.0,88
521.0,88
257.0,88
303.0,88
309.0,88
638.0,88
530.0,87
440.0,87
408.0,87
726.0,87
312.0,87
10.0,87
649.0,87
465.0,87
653.0,87
545.0,87
265.0,87
253.0,87
1474.0,87
550.0,86
1735.0,86
332.0,86
324.0,86
542.0,86
623.0,86
477.0,86
314.0,86
595.0,86
348.0,86
409.0,86
659.0,86
1609.0,86
400.0,86
295.0,86
368.0,86
631.0,86
533.0,86
296.0,86
398.0,86
584.0,86
571.0,86
532.0,86
730.0,86
272.0,86
387.0,86
344.0,86
238.0,86
637.0,86
568.0,86
411.0,85
485.0,85
592.0,85
254.0,85
277.0,85
701.0,85
474.0,85
513.0,85
639.0,85
327.0,85
311.0,85
708.0,85
524.0,85
732.0,85
608.0,85
693.0,85
287.0,85
565.0,85
779.0,85
537.0,84
528.0,84
514.0,84
580.0,84
620.0,84
382.0,84
738.0,84
627.0,84
517.0,84
674.0,84
407.0,84
307.0,84
414.0,84
692.0,83
615.0,83
453.0,83
196.0,83
516.0,83
618.0,83
569.0,83
384.0,83
611.0,83
442.0,83
410.0,83
20.0,83
412.0,83
527.0,83
661.0,83
572.0,83
605.0,83
231.0,83
439.0,83
553.0,83
520.0,83
401.0,83
425.0,82
510.0,82
274.0,82
459.0,82
519.0,82
543.0,82
645.0,82
644.0,82
607.0,82
486.0,82
374.0,82
471.0,82
721.0,82
426.0,82
585.0,82
558.0,82
664.0,82
230.0,82
633.0,82
433.0,82
603.0,81
658.0,81
14.0,81
390.0,81
326.0,81
677.0,81
292.0,81
749.0,81
182.0,81
557.0,81
694.0,81
600.0,81
724.0,81
670.0,81
581.0,81
727.0,81
282.0,81
239.0,80
386.0,80
345.0,80
598.0,80
236.0,80
1524.0,80
548.0,80
646.0,80
654.0,80
377.0,80
275.0,80
720.0,80
489.0,80
699.0,80
472.0,80
328.0,80
498.0,80
562.0,80
679.0,80
237.0,80
508.0,80
613.0,80
281.0,79
173.0,79
554.0,79
716.0,79
322.0,79
388.0,79
456.0,79
337.0,79
482.0,79
375.0,79
743.0,79
667.0,79
619.0,79
431.0,79
393.0,79
244.0,79
626.0,79
1582.0,78
331.0,78
1534.0,78
270.0,78
526.0,78
552.0,78
179.0,78
243.0,78
590.0,78
430.0,78
242.0,78
719.0,78
195.0,78
234.0,78
395.0,78
756.0,78
656.0,78
801.0,78
817.0,78
490.0,78
616.0,78
467.0,78
422.0,78
669.0,78
575.0,78
286.0,77
224.0,77
748.0,77
269.0,77
1538.0,77
728.0,77
21.0,77
715.0,77
403.0,77
233.0,77
1503.0,77
437.0,77
251.0,77
682.0,77
723.0,77
791.0,77
678.0,77
916.0,77
515.0,77
381.0,77
418.0,77
582.0,77
184.0,77
379.0,76
602.0,76
601.0,76
256.0,76
175.0,76
559.0,76
860.0,76
201.0,76
624.0,76
535.0,76
491.0,76
240.0,76
594.0,76
617.0,76
734.0,76
709.0,76
147.0,76
268.0,76
283.0,76
771.0,76
1546.0,76
586.0,76
1604.0,76
781.0,76
629.0,76
783.0,76
622.0,75
1520.0,75
1519.0,75
1498.0,75
722.0,75
176.0,75
325.0,75
336.0,75
284.0,75
495.0,75
220.0,75
593.0,75
691.0,75
28.0,75
502.0,75
18.0,74
181.0,74
247.0,74
579.0,74
168.0,74
753.0,74
203.0,74
806.0,74
563.0,74
525.0,74
736.0,74
208.0,74
323.0,74
703.0,73
174.0,73
1517.0,73
229.0,73
665.0,73
690.0,73
740.0,73
792.0,73
765.0,73
369.0,73
788.0,73
713.0,73
1766.0,73
718.0,73
223.0,73
754.0,73
171.0,73
235.0,73
650.0,73
591.0,73
793.0,73
583.0,73
685.0,73
688.0,72
190.0,72
187.0,72
305.0,72
577.0,72
219.0,72
1510.0,72
250.0,72
241.0,72
169.0,72
1505.0,72
141.0,72
767.0,72
635.0,72
1512.0,71
1540.0,71
189.0,71
681.0,71
1490.0,71
1478.0,71
555.0,71
651.0,71
397.0,71
1600.0,71
1723.0,71
206.0,71
177.0,71
170.0,71
610.0,71
641.0,71
777.0,71
298.0,71
15.0,71
30.0,70
449.0,70
255.0,70
570.0,70
1497.0,70
746.0,70
1082.0,70
1544.0,70
684.0,70
248.0,70
758.0,70
436.0,70
1560.0,70
389.0,70
640.0,70
19.0,70
357.0,70
845.0,70
221.0,70
606.0,70
1562.0,70
796.0,70
757.0,69
317.0,69
1484.0,69
1501.0,69
1707.0,69
1515.0,69
429.0,69
643.0,69
249.0,69
1499.0,69
152.0,69
663.0,69
507.0,69
1555.0,69
652.0,69
671.0,69
1502.0,69
200.0,69
1506.0,69
267.0,69
383.0,69
1584.0,69
857.0,69
878.0,69
747.0,69
711.0,69
705.0,69
634.0,69
714.0,68
1081.0,68
547.0,68
798.0,68
752.0,68
668.0,68
1508.0,68
698.0,68
1595.0,68
1523.0,68
346.0,68
1721.0,68
1000.0,68
812.0,68
188.0,68
1617.0,68
710.0,68
1099.0,68
683.0,68
318.0,67
183.0,67
217.0,67
675.0,67
855.0,67
1746.0,67
1561.0,67
1601.0,67
868.0,67
1550.0,67
1477.0,67
759.0,67
1031.0,67
1586.0,67
150.0,67
1545.0,67
762.0,67
1489.0,67
851.0,67
112.0,67
717.0,67
166.0,67
725.0,67
1734.0,67
612.0,67
218.0,67
803.0,66
1496.0,66
180.0,66
1476.0,66
1587.0,66
836.0,66
1616.0,66
1581.0,66
764.0,66
835.0,66
770.0,66
1709.0,66
1526.0,66
185.0,66
739.0,66
149.0,66
1678.0,66
822.0,66
712.0,66
862.0,66
750.0,66
289.0,66
660.0,66
850.0,66
697.0,65
827.0,65
829.0,65
1509.0,65
225.0,65
1724.0,65
1611.0,65
186.0,65
1740.0,65
676.0,65
1614.0,65
1529.0,65
523.0,65
140.0,65
800.0,65
702.0,65
1531.0,65
204.0,65
342.0,65
657.0,65
1592.0,65
1039.0,65
1521.0,64
1507.0,64
1479.0,64
1558.0,64
880.0,64
647.0,64
1535.0,64
1127.0,64
1491.0,64
648.0,64
228.0,64
839.0,64
1698.0,64
785.0,64
655.0,64
735.0,64
733.0,64
830.0,64
1577.0,64
1574.0,64
813.0,64
1514.0,64
704.0,64
1495.0,64
1679.0,64
755.0,64
1596.0,64
1777.0,64
232.0,64
1094.0,64
636.0,64
848.0,64
1554.0,64
17.0,63
1088.0,63
976.0,63
1481.0,63
148.0,63
1500.0,63
1588.0,63
1579.0,63
775.0,63
873.0,63
869.0,63
1060.0,63
1525.0,63
884.0,63
799.0,63
1098.0,63
1068.0,63
1547.0,63
207.0,63
161.0,63
840.0,63
843.0,63
1696.0,63
1571.0,63
1733.0,63
1493.0,63
846.0,63
614.0,63
680.0,63
142.0,63
808.0,63
160.0,63
156.0,63
215.0,63
135.0,63
1511.0,63
776.0,63
797.0,62
1715.0,62
975.0,62
1541.0,62
942.0,62
151.0,62
1580.0,62
642.0,62
689.0,62
900.0,62
780.0,62
1533.0,62
145.0,62
1722.0,62
1488.0,62
742.0,62
1058.0,62
816.0,62
1694.0,62
673.0,62
1680.0,61
970.0,61
1091.0,61
882.0,61
1071.0,61
1451.0,61
766.0,61
1553.0,61
804.0,61
866.0,61
784.0,61
1076.0,61
1527.0,61
1736.0,61
696.0,61
778.0,61
1705.0,61
209.0,61
1486.0,61
193.0,61
154.0,61
1606.0,61
1565.0,61
854.0,61
1029.0,61
787.0,61
1622.0,61
139.0,61
1078.0,61
1610.0,61
1092.0,61
1785.0,61
1106.0,61
213.0,61
828.0,61
1575.0,60
911.0,60
163.0,60
833.0,60
876.0,60
1704.0,60
805.0,60
687.0,60
1687.0,60
1108.0,60
202.0,60
1097.0,60
1605.0,60
823.0,60
815.0,60
870.0,60
1857.0,60
216.0,60
761.0,60
1482.0,60
1693.0,60
1718.0,60
1564.0,60
666.0,60
825.0,60
1852.0,60
1530.0,60
1089.0,60
1456.0,59
621.0,59
222.0,59
741.0,59
973.0,59
1528.0,59
1475.0,59
1072.0,59
849.0,59
859.0,59
1049.0,59
1658.0,59
1753.0,59
172.0,59
1556.0,59
789.0,59
1742.0,59
1273.0,59
1651.0,59
1757.0,59
1809.0,59
155.0,59
786.0,59
1684.0,58
1492.0,58
1589.0,58
853.0,58
867.0,58
1549.0,58
811.0,58
1664.0,58
737.0,58
1136.0,58
1603.0,58
1359.0,58
1624.0,58
842.0,58
1759.0,58
1112.0,58
885.0,58
1681.0,58
1548.0,58
1513.0,58
1828.0,58
1761.0,58
910.0,58
205.0,58
1041.0,58
824.0,58
1692.0,58
1671.0,58
1563.0,58
1632.0,58
695.0,58
769.0,57
1566.0,57
132.0,57
1608.0,57
1070.0,57
1147.0,57
29.0,57
952.0,57
1372.0,57
820.0,57
1689.0,57
841.0,57
120.0,57
1597.0,57
1101.0,57
1825.0,57
35.0,57
1504.0,57
1363.0,57
1074.0,57
1870.0,57
865.0,57
199.0,57
1155.0,57
191.0,57
790.0,57
795.0,57
1741.0,57
763.0,57
1656.0,57
773.0,57
831.0,57
1069.0,57
861.0,57
891.0,57
1730.0,57
212.0,57
1398.0,57
1607.0,56
1771.0,56
834.0,56
1659.0,56
1594.0,56
124.0,56
932.0,56
1203.0,56
901.0,56
1487.0,56
1719.0,56
1084.0,56
917.0,56
1728.0,56
810.0,56
1551.0,56
1683.0,56
1713.0,56
745.0,56
1630.0,56
809.0,56
1737.0,56
951.0,56
915.0,56
1835.0,56
226.0,56
1688.0,56
1711.0,56
1647.0,56
844.0,56
914.0,56
818.0,56
1103.0,55
1361.0,55
214.0,55
837.0,55
794.0,55
1845.0,55
1050.0,55
1729.0,55
1075.0,55
1778.0,55
1783.0,55
1469.0,55
1880.0,55
1570.0,55
1638.0,55
906.0,55
832.0,55
744.0,55
921.0,55
1576.0,55
1833.0,55
1823.0,55
1457.0,55
1125.0,55
1714.0,55
22.0,55
1004.0,55
1536.0,55
138.0,55
1339.0,55
1738.0,55
1695.0,55
1471.0,55
1701.0,55
935.0,55
1175.0,55
1104.0,55
1087.0,55
1644.0,55
1674.0,55
875.0,55
1790.0,54
1626.0,54
1057.0,54
1516.0,54
1285.0,54
881.0,54
1114.0,54
1758.0,54
802.0,54
1266.0,54
994.0,54
1675.0,54
1700.0,54
1602.0,54
821.0,54
1837.0,54
1612.0,54
1799.0,54
1154.0,54
662.0,54
1539.0,54
1760.0,54
1830.0,54
1037.0,54
852.0,54
1703.0,54
159.0,54
1040.0,54
162.0,54
1163.0,54
1083.0,54
897.0,54
887.0,54
1739.0,54
1494.0,54
782.0,54
985.0,54
886.0,53
1157.0,53
1567.0,53
768.0,53
1543.0,53
1342.0,53
1867.0,53
1048.0,53
1868.0,53
1030.0,53
1374.0,53
772.0,53
927.0,53
1111.0,53
1708.0,53
980.0,53
146.0,53
1002.0,53
1051.0,53
1047.0,53
1578.0,53
940.0,53
1628.0,53
863.0,53
1633.0,53
1720.0,53
1794.0,53
1795.0,53
198.0,53
1912.0,53
157.0,53
1102.0,53
1699.0,53
814.0,53
1170.0,53
1552.0,53
1542.0,53
947.0,53
1673.0,52
1613.0,52
1848.0,52
1635.0,52
1802.0,52
144.0,52
1672.0,52
1246.0,52
23.0,52
192.0,52
913.0,52
895.0,52
807.0,52
1135.0,52
937.0,52
1918.0,52
1123.0,52
1093.0,52
158.0,52
965.0,52
1441.0,52
889.0,52
989.0,52
907.0,52
751.0,52
1223.0,52
1697.0,52
1086.0,52
1085.0,52
1569.0,52
1142.0,52
1421.0,52
1615.0,52
924.0,52
1572.0,52
963.0,52
1815.0,52
888.0,52
1859.0,52
37.0,52
1035.0,52
1650.0,52
1473.0,52
1242.0,52
1808.0,52
1439.0,52
153.0,52
1786.0,52
178.0,52
1764.0,51
1667.0,51
1440.0,51
1712.0,51
1518.0,51
1756.0,51
981.0,51
1804.0,51
1583.0,51
1791.0,51
1676.0,51
194.0,51
1182.0,51
1773.0,51
1017.0,51
978.0,51
1865.0,51
1784.0,51
1818.0,51
903.0,51
1642.0,51
1727.0,51
1953.0,51
874.0,51
1819.0,51
1485.0,51
1063.0,51
858.0,51
1663.0,51
167.0,51
1110.0,51
25.0,51
227.0,51
819.0,51
1726.0,51
1770.0,51
826.0,51
956.0,51
877.0,51
1247.0,51
1151.0,51
1014.0,51
898.0,51
872.0,51
1537.0,50
39.0,50
1119.0,50
143.0,50
1194.0,50
1599.0,50
1100.0,50
118.0,50
931.0,50
197.0,50
1568.0,50
920.0,50
137.0,50
904.0,50
1769.0,50
1716.0,50
1059.0,50
896.0,50
1124.0,50
760.0,50
1144.0,50
1265.0,50
990.0,50
1054.0,50
1276.0,50
1820.0,50
1834.0,50
1126.0,50
1244.0,50
1198.0,50
1138.0,50
1096.0,50
1220.0,50
1745.0,50
1470.0,50
1593.0,50
922.0,50
1762.0,50
1893.0,50
856.0,50
164.0,50
1077.0,50
1824.0,50
1011.0,50
1483.0,50
939.0,50
1573.0,50
1214.0,50
1251.0,50
838.0,50
1405.0,50
899.0,50
1655.0,50
1634.0,50
24.0,50
969.0,49
1139.0,49
1349.0,49
847.0,49
1432.0,49
26.0,49
1446.0,49
1686.0,49
1653.0,49
1259.0,49
1188.0,49
774.0,49
864.0,49
1851.0,49
1941.0,49
961.0,49
27.0,49
944.0,49
894.0,49
1043.0,49
1388.0,49
1911.0,49
871.0,49
1748.0,49
1559.0,49
974.0,49
1260.0,49
962.0,49
1207.0,49
883.0,49
1883.0,49
1743.0,49
1263.0,49
966.0,49
1137.0,49
1532.0,49
1161.0,49
1282.0,49
938.0,49
1140.0,49
1169.0,49
1841.0,49
1585.0,48
1685.0,48
955.0,48
1863.0,48
1056.0,48
134.0,48
1910.0,48
1009.0,48
116.0,48
946.0,48
1173.0,48
1461.0,48
1231.0,48
972.0,48
1130.0,48
1007.0,48
1822.0,48
40.0,48
1295.0,48
1073.0,48
1132.0,48
1854.0,48
1243.0,48
902.0,48
1366.0,48
1201.0,48
1690.0,48
1314.0,48
1443.0,48
1090.0,48
1806.0,48
1010.0,48
1323.0,48
1643.0,48
106.0,48
908.0,48
1894.0,48
1172.0,48
1213.0,48
984.0,48
1062.0,48
1706.0,48
1460.0,48
1763.0,48
1171.0,48
1386.0,48
63.0,48
1862.0,48
1747.0,48
905.0,48
1028.0,48
1134.0,48
1033.0,47
1817.0,47
1283.0,47
1937.0,47
105.0,47
1343.0,47
918.0,47
1317.0,47
1590.0,47
1480.0,47
1755.0,47
1598.0,47
1184.0,47
128.0,47
1121.0,47
1623.0,47
1831.0,47
1654.0,47
1006.0,47
119.0,47
1038.0,47
1316.0,47
1420.0,47
1665.0,47
1453.0,47
1631.0,47
1932.0,47
165.0,47
1641.0,47
936.0,47
941.0,47
1627.0,47
1827.0,47
1645.0,47
987.0,47
1522.0,47
1838.0,47
1787.0,47
1064.0,47
1767.0,46
1789.0,46
1412.0,46
1152.0,46
1843.0,46
1436.0,46
1027.0,46
1640.0,46
1591.0,46
934.0,46
1860.0,46
1371.0,46
1294.0,46
1779.0,46
1245.0,46
1812.0,46
1731.0,46
1267.0,46
1153.0,46
1280.0,46
1415.0,46
1943.0,46
1874.0,46
971.0,46
1362.0,46
1462.0,46
1164.0,46
1662.0,46
1754.0,46
1036.0,46
42.0,46
1297.0,46
1618.0,46
1179.0,46
1237.0,46
1333.0,46
1749.0,46
1744.0,46
1468.0,46
1472.0,46
1148.0,46
125.0,46
1805.0,46
1402.0,45
1191.0,45
1079.0,45
1208.0,45
1293.0,45
1174.0,45
1836.0,45
1326.0,45
1639.0,45
49.0,45
1299.0,45
1129.0,45
1847.0,45
1884.0,45
1826.0,45
1012.0,45
919.0,45
945.0,45
1003.0,45
1196.0,45
1183.0,45
1458.0,45
1797.0,45
1162.0,45
1080.0,45
1067.0,45
1781.0,45
1869.0,45
126.0,45
121.0,45
1418.0,45
1008.0,45
1811.0,45
1401.0,45
1269.0,45
1160.0,45
1167.0,45
1619.0,45
1158.0,45
960.0,45
1218.0,45
1557.0,45
1463.0,45
1816.0,45
1001.0,44
1393.0,44
1788.0,44
1380.0,44
1115.0,44
1226.0,44
1211.0,44
1337.0,44
1858.0,44
1888.0,44
1897.0,44
1924.0,44
1253.0,44
1660.0,44
1652.0,44
1447.0,44
1341.0,44
1375.0,44
1846.0,44
1782.0,44
1065.0,44
1881.0,44
1328.0,44
879.0,44
1324.0,44
1803.0,44
1435.0,44
1792.0,44
1215.0,44
123.0,44
1892.0,44
909.0,44
1177.0,44
1668.0,44
1909.0,44
1875.0,44
1189.0,44
1449.0,44
1159.0,44
1866.0,44
34.0,44
1345.0,44
1385.0,44
998.0,44
1814.0,44
1015.0,44
983.0,44
999.0,44
1204.0,44
1399.0,44
1187.0,44
1133.0,44
1181.0,44
1842.0,44
926.0,44
1116.0,44
1212.0,44
893.0,44
1202.0,44
948.0,44
1107.0,44
32.0,44
1776.0,44
33.0,44
130.0,44
958.0,44
1205.0,44
1105.0,44
1717.0,44
114.0,44
1118.0,44
1844.0,44
1670.0,44
1053.0,44
1780.0,43
1066.0,43
1378.0,43
1185.0,43
1234.0,43
1270.0,43
1334.0,43
1095.0,43
1928.0,43
968.0,43
1336.0,43
1335.0,43
1370.0,43
1013.0,43
1666.0,43
1856.0,43
1330.0,43
1199.0,43
925.0,43
1929.0,43
1840.0,43
133.0,43
1291.0,43
1379.0,43
997.0,43
1261.0,43
1793.0,43
1419.0,43
1018.0,43
933.0,43
1131.0,43
1433.0,43
977.0,43
1920.0,43
1348.0,43
1751.0,43
1765.0,43
1117.0,43
1732.0,43
1319.0,43
1752.0,43
988.0,43
1377.0,43
1839.0,43
1404.0,43
2040.0,43
1248.0,43
1331.0,42
1061.0,42
1750.0,42
1429.0,42
1355.0,42
1325.0,42
1925.0,42
1775.0,42
1829.0,42
1287.0,42
1252.0,42
1800.0,42
48.0,42
943.0,42
954.0,42
1904.0,42
1923.0,42
1176.0,42
912.0,42
1430.0,42
1122.0,42
996.0,42
1113.0,42
1005.0,42
2049.0,42
1353.0,42
1636.0,42
1044.0,42
1238.0,42
1368.0,42
1872.0,42
36.0,42
1141.0,42
890.0,42
1900.0,42
1288.0,42
1906.0,42
1438.0,41
959.0,41
1046.0,41
1798.0,41
1931.0,41
1620.0,41
1810.0,41
1657.0,41
1677.0,41
1646.0,41
957.0,41
1232.0,41
1914.0,41
1320.0,41
43.0,41
1450.0,41
1165.0,41
1166.0,41
1352.0,41
1821.0,41
1422.0,41
1896.0,41
1395.0,41
1978.0,41
1648.0,41
1365.0,41
59.0,41
1020.0,41
1268.0,41
1351.0,41
1772.0,41
1389.0,41
1350.0,41
1327.0,41
1256.0,41
1934.0,41
1882.0,41
1901.0,41
1300.0,41
1024.0,41
1661.0,41
950.0,41
1023.0,40
1390.0,40
1891.0,40
1369.0,40
113.0,40
99.0,40
892.0,40
1939.0,40
1272.0,40
1916.0,40
1219.0,40
1955.0,40
1409.0,40
1344.0,40
1258.0,40
1230.0,40
1321.0,40
1146.0,40
1022.0,40
1907.0,40
1340.0,40
1425.0,40
1807.0,40
1966.0,40
129.0,40
928.0,40
1710.0,40
1902.0,40
44.0,40
1985.0,40
52.0,40
1428.0,40
1313.0,40
1426.0,40
84.0,40
1346.0,40
1454.0,40
1128.0,40
31.0,40
1190.0,40
953.0,40
1407.0,40
1055.0,40
1200.0,40
1315.0,40
929.0,40
1917.0,39
82.0,39
1423.0,39
1855.0,39
1210.0,39
1963.0,39
1938.0,39
1850.0,39
1466.0,39
1952.0,39
1301.0,39
1625.0,39
1286.0,39
77.0,39
1042.0,39
1311.0,39
1813.0,39
1905.0,39
1889.0,39
1384.0,39
1621.0,39
1986.0,39
1016.0,39
1637.0,39
62.0,39
1225.0,39
1861.0,39
1277.0,39
1383.0,39
92.0,39
1307.0,39
1206.0,39
1233.0,39
1264.0,39
108.0,39
1193.0,39
1961.0,39
1392.0,39
1228.0,39
967.0,39
1629.0,39
94.0,39
1358.0,39
107.0,38
117.0,38
992.0,38
1025.0,38
1019.0,38
1411.0,38
982.0,38
1801.0,38
54.0,38
1895.0,38
1877.0,38
1400.0,38
1120.0,38
1455.0,38
1908.0,38
122.0,38
1274.0,38
1254.0,38
1387.0,38
1192.0,38
1879.0,38
1864.0,38
1262.0,38
1360.0,38
986.0,38
1725.0,38
1168.0,38
923.0,38
1292.0,38
1431.0,38
1241.0,38
1367.0,38
1459.0,38
1376.0,38
1354.0,37
1373.0,37
2107.0,37
1774.0,37
1945.0,37
91.0,37
1240.0,37
56.0,37
1381.0,37
1310.0,37
993.0,37
1995.0,37
1921.0,37
1224.0,37
2000.0,37
1413.0,37
1768.0,37
127.0,37
930.0,37
1150.0,37
1702.0,37
1796.0,37
2014.0,37
1974.0,37
1915.0,37
1408.0,37
1289.0,37
1318.0,37
979.0,37
1899.0,37
1305.0,37
1217.0,37
1972.0,37
991.0,37
111.0,37
1942.0,37
1052.0,37
1302.0,37
1312.0,37
1954.0,36
2054.0,36
58.0,36
1853.0,36
41.0,36
1981.0,36
70.0,36
1410.0,36
1669.0,36
1275.0,36
1382.0,36
2046.0,36
96.0,36
83.0,36
1417.0,36
1445.0,36
2091.0,36
109.0,36
1281.0,36
1832.0,36
1935.0,36
2041.0,36
1444.0,36
1989.0,36
75.0,36
1396.0,36
1951.0,35
1885.0,35
1936.0,35
2276.0,35
1464.0,35
110.0,35
1216.0,35
55.0,35
1959.0,35
1416.0,35
1284.0,35
2092.0,35
1143.0,35
1338.0,35
1873.0,35
57.0,35
949.0,35
1984.0,35
2296.0,35
88.0,35
1197.0,35
1255.0,35
1958.0,35
1871.0,35
1394.0,35
95.0,35
995.0,35
1886.0,35
79.0,35
1414.0,35
1186.0,35
1424.0,35
61.0,35
1442.0,35
1021.0,34
2045.0,34
2117.0,34
964.0,34
1364.0,34
1227.0,34
1927.0,34
1304.0,34
1045.0,34
1682.0,34
1913.0,34
87.0,34
1145.0,34
1279.0,34
1298.0,34
1195.0,34
71.0,34
76.0,34
2032.0,34
1887.0,34
2063.0,34
1465.0,34
1946.0,34
1357.0,34
1973.0,34
1876.0,34
2121.0,34
1890.0,34
104.0,34
1149.0,34
131.0,34
1290.0,34
2015.0,34
2050.0,34
2036.0,34
1026.0,34
38.0,34
101.0,33
86.0,33
1306.0,33
1391.0,33
1032.0,33
2027.0,33
2432.0,33
1296.0,33
1156.0,33
1969.0,33
85.0,33
2070.0,33
1249.0,33
1988.0,33
1303.0,33
1949.0,33
1034.0,33
1427.0,33
1919.0,33
2237.0,33
46.0,33
1332.0,33
1649.0,33
1235.0,33
1239.0,33
1356.0,33
1397.0,33
1691.0,33
1406.0,33
2227.0,33
47.0,33
1329.0,33
2033.0,33
2133.0,32
2147.0,32
2506.0,32
100.0,32
2024.0,32
1347.0,32
1250.0,32
2280.0,32
1992.0,32
2001.0,32
2100.0,32
1878.0,32
1236.0,32
2224.0,32
2317.0,32
50.0,32
2042.0,32
1209.0,32
78.0,32
2025.0,32
1968.0,32
2149.0,32
1940.0,32
1308.0,32
115.0,32
2052.0,32
1467.0,32
136.0,32
1257.0,32
2064.0,32
2578.0,32
1278.0,32
1109.0,32
64.0,31
1944.0,31
1979.0,31
2112.0,31
2102.0,31
2352.0,31
1956.0,31
1948.0,31
2004.0,31
1448.0,31
2162.0,31
2019.0,31
1980.0,31
2439.0,31
2200.0,31
2076.0,31
2085.0,31
2071.0,31
1971.0,31
2300.0,31
1180.0,31
2002.0,31
1930.0,31
1229.0,31
2005.0,31
2269.0,31
2101.0,30
2549.0,30
2034.0,30
1322.0,30
2021.0,30
1999.0,30
1982.0,30
2226.0,30
2003.0,30
2161.0,30
2191.0,30
65.0,30
53.0,30
2448.0,30
1998.0,30
1903.0,30
2412.0,30
1965.0,30
2152.0,30
2463.0,30
2029.0,30
2116.0,30
1950.0,30
2007.0,30
2394.0,30
1849.0,30
1947.0,30
1967.0,30
2274.0,30
60.0,30
2482.0,30
2170.0,29
2177.0,29
2156.0,29
2232.0,29
102.0,29
1933.0,29
2158.0,29
2561.0,29
2515.0,29
1983.0,29
2307.0,29
2281.0,29
2127.0,29
2018.0,29
2449.0,29
2157.0,29
103.0,29
2022.0,29
69.0,29
1976.0,29
2194.0,29
93.0,29
1178.0,29
2075.0,29
98.0,29
2362.0,29
2069.0,29
2218.0,29
2058.0,29
2136.0,29
2431.0,29
2196.0,29
2016.0,29
2354.0,29
2098.0,28
2104.0,28
2010.0,28
2128.0,28
90.0,28
1960.0,28
2486.0,28
2295.0,28
2299.0,28
2023.0,28
51.0,28
66.0,28
1964.0,28
2093.0,28
1437.0,28
2174.0,28
2323.0,28
2564.0,28
1962.0,28
1996.0,28
2298.0,28
2588.0,28
2475.0,28
2347.0,28
1309.0,28
2411.0,28
2350.0,28
2062.0,28
2166.0,28
2358.0,28
2028.0,28
2160.0,28
2190.0,27
2151.0,27
2285.0,27
1977.0,27
2088.0,27
1452.0,27
2113.0,27
2656.0,27
1222.0,27
72.0,27
2193.0,27
2356.0,27
2294.0,27
2057.0,27
2303.0,27
2109.0,27
1221.0,27
2048.0,27
2257.0,27
2241.0,27
1991.0,27
2353.0,27
1403.0,27
2135.0,27
2008.0,27
80.0,27
2222.0,27
2382.0,27
2336.0,27
2392.0,27
2544.0,27
2143.0,27
2198.0,27
2330.0,27
2467.0,27
74.0,27
2297.0,27
2278.0,27
2105.0,26
1898.0,26
2558.0,26
2035.0,26
2282.0,26
2417.0,26
2277.0,26
2215.0,26
2260.0,26
2230.0,26
2565.0,26
1997.0,26
2421.0,26
2425.0,26
2551.0,26
2387.0,26
2066.0,26
2325.0,26
2231.0,26
2357.0,26
2338.0,26
2513.0,26
2430.0,26
2013.0,26
2244.0,26
2415.0,26
2159.0,26
73.0,26
2044.0,26
2504.0,26
1970.0,26
2309.0,26
2253.0,26
1994.0,26
2379.0,26
2178.0,26
2139.0,26
2086.0,25
2169.0,25
1922.0,25
2096.0,25
67.0,25
2284.0,25
2142.0,25
1271.0,25
2095.0,25
2416.0,25
2516.0,25
2591.0,25
2263.0,25
2524.0,25
2209.0,25
2006.0,25
2364.0,25
1434.0,25
2522.0,25
2212.0,25
2247.0,25
2254.0,25
2615.0,25
2476.0,25
2545.0,25
2512.0,25
2481.0,25
2081.0,25
2185.0,25
2130.0,25
2345.0,25
2061.0,25
2053.0,25
2626.0,25
2607.0,25
2141.0,25
2289.0,25
2204.0,25
2228.0,25
2480.0,25
2433.0,25
1993.0,25
2258.0,24
1926.0,24
2229.0,24
2293.0,24
2132.0,24
2115.0,24
2457.0,24
2502.0,24
2120.0,24
2327.0,24
89.0,24
2426.0,24
2111.0,24
2434.0,24
2078.0,24
2043.0,24
2351.0,24
2031.0,24
2176.0,24
2011.0,24
2275.0,24
2009.0,24
2568.0,24
2250.0,24
2443.0,24
2223.0,24
2175.0,24
2252.0,24
2548.0,24
1990.0,24
2339.0,24
2534.0,24
2452.0,24
2532.0,24
2556.0,24
2438.0,24
2264.0,24
2505.0,24
2496.0,24
2283.0,24
2065.0,24
2017.0,24
81.0,24
2199.0,24
2255.0,24
2068.0,24
2341.0,24
2533.0,24
2184.0,24
2235.0,24
2466.0,24
2582.0,24
2397.0,24
2140.0,24
2521.0,24
2077.0,23
2318.0,23
2363.0,23
2195.0,23
2145.0,23
2403.0,23
2090.0,23
2072.0,23
2590.0,23
2129.0,23
97.0,23
1975.0,23
2208.0,23
2262.0,23
2340.0,23
2436.0,23
2144.0,23
2055.0,23
2569.0,23
2617.0,23
2118.0,23
2460.0,23
2473.0,23
2541.0,23
2334.0,23
2413.0,23
2420.0,23
2201.0,23
2552.0,23
2440.0,23
2456.0,23
2181.0,23
2082.0,23
2037.0,23
2401.0,23
2155.0,23
2400.0,23
2220.0,23
2221.0,23
2182.0,23
2073.0,23
2580.0,23
2526.0,23
2407.0,23
2377.0,23
2370.0,23
2435.0,23
2494.0,23
2030.0,23
2138.0,23
2447.0,23
2188.0,23
2360.0,23
2501.0,23
2592.0,22
2290.0,22
2079.0,22
2099.0,22
2422.0,22
2302.0,22
2553.0,22
1957.0,22
2632.0,22
2239.0,22
2683.0,22
68.0,22
2510.0,22
2246.0,22
2202.0,22
2291.0,22
2012.0,22
2243.0,22
2629.0,22
2535.0,22
2287.0,22
45.0,22
2236.0,22
2536.0,22
2390.0,22
2406.0,22
2288.0,22
2539.0,22
2168.0,22
2444.0,22
2094.0,22
2240.0,22
2399.0,22
2217.0,22
2320.0,22
2316.0,22
2500.0,22
2367.0,22
2148.0,22
2187.0,22
2372.0,22
2305.0,22
2346.0,22
2119.0,22
2408.0,22
2206.0,22
2672.0,22
2122.0,22
2211.0,22
2047.0,22
2219.0,22
2123.0,22
2205.0,21
2405.0,21
2374.0,21
2301.0,21
2186.0,21
2385.0,21
2492.0,21
2445.0,21
2454.0,21
2424.0,21
2596.0,21
1987.0,21
2587.0,21
2332.0,21
2483.0,21
2067.0,21
2469.0,21
2189.0,21
2543.0,21
2484.0,21
2225.0,21
2249.0,21
2059.0,21
2304.0,21
2597.0,21
2089.0,21
2529.0,21
2267.0,21
2620.0,21
2384.0,21
2308.0,21
2234.0,21
2272.0,21
2333.0,21
2060.0,21
2331.0,21
2238.0,21
2611.0,21
2639.0,21
2110.0,21
2183.0,21
2080.0,21
2179.0,21
2428.0,20
2631.0,20
2279.0,20
2343.0,20
2395.0,20
2623.0,20
2530.0,20
2562.0,20
2103.0,20
2450.0,20
2477.0,20
2134.0,20
2657.0,20
2638.0,20
2368.0,20
2525.0,20
2114.0,20
2270.0,20
2423.0,20
2251.0,20
2547.0,20
2256.0,20
2312.0,20
2261.0,20
2286.0,20
2083.0,20
2020.0,20
2478.0,20
2667.0,20
2571.0,20
2266.0,20
2213.0,20
2056.0,20
2106.0,20
2493.0,20
2165.0,20
2409.0,20
2273.0,20
2380.0,20
2321.0,20
2488.0,20
2342.0,20
2427.0,20
2495.0,20
2402.0,20
2125.0,20
2472.0,20
2446.0,20
2313.0,20
2694.0,19
2441.0,19
2497.0,19
2490.0,19
2084.0,19
2644.0,19
2306.0,19
2557.0,19
2207.0,19
2108.0,19
2146.0,19
2172.0,19
2604.0,19
2468.0,19
2612.0,19
2586.0,19
2574.0,19
2337.0,19
2470.0,19
2268.0,19
2097.0,19
2610.0,19
2210.0,19
2531.0,19
2581.0,19
2479.0,19
2335.0,19
2039.0,19
2153.0,19
2137.0,19
2131.0,19
2051.0,19
2654.0,19
2455.0,19
2167.0,19
2507.0,18
2369.0,18
2126.0,18
2418.0,18
2459.0,18
2398.0,18
2344.0,18
2573.0,18
2038.0,18
2520.0,18
2489.0,18
2485.0,18
2326.0,18
2514.0,18
2396.0,18
2811.0,18
2474.0,18
2509.0,18
2314.0,18
2609.0,18
2575.0,18
2559.0,18
2646.0,18
2376.0,18
2464.0,18
2386.0,18
2171.0,18
2192.0,18
2518.0,18
2319.0,18
2697.0,18
2487.0,18
2593.0,18
2311.0,18
2499.0,18
2627.0,18
2563.0,18
2248.0,18
2462.0,18
2527.0,18
2550.0,18
2437.0,18
2233.0,17
2026.0,17
2271.0,17
2393.0,17
2378.0,17
2361.0,17
2601.0,17
2124.0,17
2643.0,17
2442.0,17
2087.0,17
2595.0,17
2429.0,17
2781.0,17
2594.0,17
2074.0,17
2813.0,17
2584.0,17
2570.0,17
2458.0,17
2498.0,17
2635.0,17
2784.0,17
2636.0,17
2322.0,17
2197.0,17
2721.0,17
2349.0,17
2216.0,17
2348.0,17
2702.0,17
2625.0,17
2451.0,17
2419.0,17
2173.0,17
2373.0,17
2310.0,17
2608.0,17
2461.0,17
2579.0,17
2572.0,17
2324.0,17
2695.0,17
2633.0,16
2259.0,16
3192.0,16
2624.0,16
2867.0,16
2637.0,16
2645.0,16
2560.0,16
2567.0,16
2671.0,16
2180.0,16
2678.0,16
2164.0,16
2734.0,16
2613.0,16
2365.0,16
2315.0,16
2508.0,16
2585.0,16
2602.0,16
2681.0,16
2388.0,16
2690.0,16
2606.0,16
2650.0,16
2366.0,16
2414.0,16
2511.0,16
2658.0,16
2528.0,16
2265.0,16
2537.0,16
2614.0,16
2203.0,16
2555.0,16
2655.0,16
2355.0,16
2538.0,16
2214.0,16
2383.0,16
2453.0,16
2676.0,16
2519.0,16
2554.0,16
2583.0,16
2576.0,16
2603.0,16
2359.0,16
2714.0,15
2618.0,15
2788.0,15
2649.0,15
2648.0,15
2465.0,15
2154.0,15
2692.0,15
2748.0,15
2670.0,15
2491.0,15
2659.0,15
2713.0,15
2973.0,15
2715.0,15
2709.0,15
2542.0,15
2389.0,15
2540.0,15
2410.0,15
2716.0,15
2722.0,15
2292.0,15
2675.0,15
2727.0,15
2381.0,15
2701.0,15
2812.0,14
2651.0,14
2720.0,14
2856.0,14
2955.0,14
2546.0,14
2790.0,14
2605.0,14
2404.0,14
2371.0,14
3046.0,14
2785.0,14
2845.0,14
2778.0,14
2150.0,14
2793.0,14
2616.0,14
2832.0,14
2693.0,14
2245.0,14
2577.0,14
3224.0,14
2932.0,14
2375.0,14
2163.0,14
2503.0,14
2731.0,14
2668.0,13
2689.0,13
2685.0,13
2684.0,13
2641.0,13
2802.0,13
2729.0,13
2669.0,13
2566.0,13
2745.0,13
2652.0,13
3106.0,13
2391.0,13
2471.0,13
2674.0,13
2621.0,13
2517.0,13
2711.0,13
2776.0,13
2664.0,13
2661.0,13
2682.0,13
2728.0,13
2834.0,12
2660.0,12
2816.0,12
2589.0,12
2329.0,12
2864.0,12
2680.0,12
2958.0,12
2766.0,12
2981.0,12
2704.0,12
2666.0,12
2663.0,12
2968.0,12
2762.0,12
2940.0,12
2842.0,12
2242.0,12
2630.0,12
2688.0,12
2642.0,12
2765.0,12
2830.0,12
2717.0,12
2622.0,12
2868.0,12
2665.0,12
2700.0,12
3118.0,12
2807.0,12
2750.0,12
2673.0,12
2786.0,12
3240.0,12
2789.0,12
2896.0,12
3055.0,12
2746.0,11
2996.0,11
2984.0,11
2882.0,11
3101.0,11
2886.0,11
2983.0,11
2719.0,11
2634.0,11
2935.0,11
2768.0,11
2814.0,11
3008.0,11
2831.0,11
2822.0,11
2924.0,11
2799.0,11
2677.0,11
2910.0,11
2703.0,11
3096.0,11
2696.0,11
2844.0,11
3016.0,11
2869.0,11
2598.0,11
2523.0,11
2687.0,11
3345.0,11
2705.0,11
2725.0,11
2850.0,11
2897.0,11
2952.0,11
2823.0,11
2718.0,11
2679.0,10
2782.0,10
2707.0,10
3076.0,10
2691.0,10
2865.0,10
2979.0,10
2752.0,10
2941.0,10
2969.0,10
2742.0,10
2706.0,10
3228.0,10
2751.0,10
2884.0,10
3123.0,10
3211.0,10
2797.0,10
2916.0,10
2919.0,10
2640.0,10
3074.0,10
3064.0,10
3221.0,10
2743.0,10
2936.0,10
2712.0,10
2827.0,10
2923.0,10
2628.0,10
2858.0,10
2662.0,10
2770.0,10
2726.0,10
2738.0,10
2963.0,10
2774.0,10
2871.0,10
2888.0,10
3165.0,10
2862.0,10
2821.0,10
3050.0,10
2600.0,10
2914.0,10
2900.0,10
3091.0,10
3178.0,10
2328.0,10
2911.0,10
2931.0,10
2758.0,10
2699.0,10
2599.0,9
3225.0,9
3059.0,9
2974.0,9
2747.0,9
2815.0,9
2883.0,9
2733.0,9
2912.0,9
2878.0,9
2908.0,9
2809.0,9
3176.0,9
3013.0,9
3034.0,9
3328.0,9
3313.0,9
3171.0,9
2947.0,9
2982.0,9
2836.0,9
2795.0,9
3203.0,9
2686.0,9
2880.0,9
3163.0,9
2805.0,9
2875.0,9
3122.0,9
2735.0,9
2736.0,9
2885.0,9
2957.0,9
3161.0,9
2994.0,9
2787.0,9
2773.0,9
3022.0,9
2737.0,9
2861.0,9
2798.0,9
2753.0,9
2708.0,9
2801.0,9
3051.0,9
2779.0,9
3248.0,9
2965.0,9
2806.0,9
2967.0,9
2756.0,9
3113.0,9
2771.0,9
3282.0,9
2848.0,9
2877.0,9
3147.0,9
2759.0,9
2903.0,9
3242.0,9
2857.0,9
2761.0,9
2854.0,8
3044.0,8
2819.0,8
3027.0,8
3048.0,8
2892.0,8
2876.0,8
3327.0,8
2959.0,8
3159.0,8
3037.0,8
3110.0,8
3246.0,8
2755.0,8
2859.0,8
3070.0,8
3072.0,8
2879.0,8
2824.0,8
3223.0,8
2800.0,8
2961.0,8
3003.0,8
2934.0,8
3097.0,8
3007.0,8
3251.0,8
2949.0,8
3144.0,8
3130.0,8
3236.0,8
3049.0,8
3170.0,8
3112.0,8
3157.0,8
2804.0,8
2893.0,8
3202.0,8
2791.0,8
2764.0,8
3214.0,8
3314.0,8
3000.0,8
2754.0,8
3250.0,8
3134.0,8
2840.0,8
3075.0,8
2724.0,8
3216.0,8
2647.0,8
3065.0,8
2962.0,8
2977.0,8
3268.0,8
2723.0,8
3166.0,8
3150.0,8
2901.0,8
2847.0,8
2964.0,7
2828.0,7
2760.0,7
2907.0,7
3310.0,7
3093.0,7
3233.0,7
2710.0,7
2898.0,7
2783.0,7
3355.0,7
3033.0,7
2777.0,7
3307.0,7
2975.0,7
3052.0,7
3086.0,7
2870.0,7
2829.0,7
3167.0,7
3272.0,7
2866.0,7
3324.0,7
3090.0,7
2825.0,7
3069.0,7
2939.0,7
3238.0,7
2775.0,7
3172.0,7
3290.0,7
3226.0,7
2891.0,7
2732.0,7
3196.0,7
2860.0,7
3186.0,7
2833.0,7
3047.0,7
2985.0,7
2945.0,7
2922.0,7
3361.0,7
2927.0,7
3267.0,7
2810.0,7
2899.0,7
3162.0,7
3019.0,7
2989.0,7
3181.0,7
2843.0,7
3080.0,7
3028.0,7
3331.0,7
2772.0,7
3042.0,7
3095.0,7
3053.0,7
2826.0,7
3109.0,7
3029.0,7
2863.0,7
3277.0,7
2872.0,7
2817.0,7
2925.0,7
3040.0,7
3107.0,7
2744.0,7
3160.0,7
2808.0,7
2915.0,7
3146.0,7
3082.0,7
3094.0,7
2818.0,7
3269.0,7
2918.0,6
2951.0,6
3209.0,6
3249.0,6
3092.0,6
3103.0,6
3265.0,6
3344.0,6
2839.0,6
3121.0,6
2820.0,6
2855.0,6
2889.0,6
3041.0,6
2757.0,6
2881.0,6
2991.0,6
2838.0,6
2972.0,6
2917.0,6
2698.0,6
3154.0,6
2913.0,6
3136.0,6
3143.0,6
3253.0,6
2874.0,6
3077.0,6
3231.0,6
2887.0,6
3020.0,6
3210.0,6
3031.0,6
2938.0,6
3283.0,6
2943.0,6
2920.0,6
2780.0,6
3190.0,6
2976.0,6
3289.0,6
2763.0,6
2890.0,6
3084.0,6
3230.0,6
2619.0,6
2849.0,6
2835.0,6
3247.0,6
3149.0,6
3043.0,6
3128.0,6
3189.0,6
2739.0,6
2948.0,6
2971.0,6
2980.0,6
2653.0,6
2741.0,6
2841.0,6
3066.0,6
3168.0,6
3229.0,6
2837.0,6
3089.0,6
2749.0,6
3039.0,6
2928.0,6
3024.0,6
3261.0,6
2950.0,6
2792.0,6
2767.0,6
3357.0,6
3081.0,6
3005.0,6
3102.0,6
3243.0,6
3353.0,6
3087.0,6
3220.0,5
3145.0,5
3300.0,5
2944.0,5
3343.0,5
3180.0,5
3408.0,5
3319.0,5
3264.0,5
3114.0,5
2803.0,5
2905.0,5
3010.0,5
3297.0,5
2997.0,5
3347.0,5
3126.0,5
3369.0,5
3296.0,5
3156.0,5
3258.0,5
3342.0,5
3260.0,5
3317.0,5
2740.0,5
3207.0,5
3083.0,5
3038.0,5
3173.0,5
3227.0,5
3333.0,5
3217.0,5
3371.0,5
3398.0,5
3396.0,5
3292.0,5
3379.0,5
2953.0,5
3252.0,5
3259.0,5
3105.0,5
3174.0,5
2970.0,5
3188.0,5
3111.0,5
3206.0,5
3036.0,5
2894.0,5
3045.0,5
2954.0,5
3056.0,5
2921.0,5
3218.0,5
3014.0,5
3115.0,5
3117.0,5
3158.0,5
2796.0,5
3193.0,5
3099.0,5
3138.0,5
2794.0,5
2730.0,5
2937.0,5
3350.0,5
3235.0,5
3388.0,5
2909.0,5
3212.0,5
3194.0,5
3175.0,5
3198.0,5
3002.0,5
3004.0,5
3018.0,5
3263.0,5
2851.0,5
3098.0,5
3232.0,5
3222.0,5
3237.0,5
3360.0,5
3262.0,5
3393.0,5
3060.0,5
2769.0,5
3012.0,5
3177.0,5
3104.0,5
3428.0,5
3120.0,5
3191.0,5
3001.0,5
3281.0,5
2929.0,5
3323.0,5
3330.0,5
3155.0,5
3362.0,5
2933.0,5
3068.0,4
3325.0,4
3142.0,4
3266.0,4
3285.0,4
3276.0,4
3439.0,4
3195.0,4
3384.0,4
3512.0,4
3280.0,4
3205.0,4
3182.0,4
3432.0,4
3519.0,4
3078.0,4
3482.0,4
3299.0,4
2978.0,4
3021.0,4
3415.0,4
3315.0,4
3363.0,4
3063.0,4
3434.0,4
3763.0,4
3287.0,4
3108.0,4
2992.0,4
3372.0,4
3133.0,4
3484.0,4
3137.0,4
3303.0,4
3058.0,4
3032.0,4
3666.0,4
3435.0,4
3215.0,4
3035.0,4
3219.0,4
3444.0,4
3204.0,4
3273.0,4
3011.0,4
3199.0,4
3279.0,4
3127.0,4
3085.0,4
3030.0,4
3054.0,4
2873.0,4
3483.0,4
2966.0,4
3406.0,4
3306.0,4
3395.0,4
3416.0,4
3326.0,4
3499.0,4
3234.0,4
3479.0,4
3405.0,4
3318.0,4
3125.0,4
3341.0,4
3377.0,4
3079.0,4
3071.0,4
3152.0,4
3520.0,4
3489.0,4
3338.0,4
3245.0,4
3088.0,4
3187.0,4
3183.0,4
2902.0,4
3291.0,4
3411.0,4
3062.0,4
3368.0,4
3387.0,4
3164.0,4
3213.0,4
3140.0,4
3376.0,4
3009.0,4
2852.0,4
3200.0,3
3116.0,3
3124.0,3
3274.0,3
3477.0,3
3255.0,3
3700.0,3
3321.0,3
3201.0,3
3302.0,3
3026.0,3
3132.0,3
2930.0,3
2926.0,3
3412.0,3
3334.0,3
3660.0,3
3457.0,3
3542.0,3
3438.0,3
3555.0,3
3241.0,3
3599.0,3
3073.0,3
3131.0,3
3286.0,3
3006.0,3
3329.0,3
3513.0,3
3067.0,3
3418.0,3
3294.0,3
2942.0,3
3309.0,3
2946.0,3
3478.0,3
3332.0,3
2853.0,3
3427.0,3
3442.0,3
3151.0,3
3169.0,3
3449.0,3
3565.0,3
3185.0,3
3270.0,3
3352.0,3
3354.0,3
2998.0,3
3440.0,3
3256.0,3
3278.0,3
2986.0,3
2895.0,3
3436.0,3
3304.0,3
3135.0,3
3534.0,3
2995.0,3
3197.0,3
3335.0,3
3382.0,3
3129.0,3
3366.0,3
3647.0,3
3383.0,3
3386.0,3
3488.0,3
2988.0,3
3523.0,3
3374.0,3
3254.0,3
3409.0,3
3351.0,3
3184.0,3
3023.0,3
3148.0,3
3308.0,3
3507.0,3
3271.0,3
3305.0,3
3474.0,3
3061.0,3
3244.0,3
3421.0,3
3422.0,3
3452.0,3
3591.0,3
3316.0,3
2999.0,3
3015.0,3
2906.0,3
3017.0,3
3450.0,3
2904.0,3
2987.0,3
3445.0,3
3322.0,3
3284.0,3
3301.0,3
3419.0,2
3472.0,2
3349.0,2
3100.0,2
3630.0,2
3420.0,2
3531.0,2
3504.0,2
3615.0,2
3367.0,2
3275.0,2
3364.0,2
3447.0,2
3119.0,2
3722.0,2
3621.0,2
3448.0,2
3358.0,2
3629.0,2
2846.0,2
3548.0,2
3698.0,2
3641.0,2
3526.0,2
3516.0,2
3336.0,2
3380.0,2
3455.0,2
3525.0,2
3340.0,2
3337.0,2
3417.0,2
3491.0,2
2993.0,2
3494.0,2
3295.0,2
3433.0,2
3454.0,2
3509.0,2
3320.0,2
3407.0,2
3733.0,2
3735.0,2
2960.0,2
3498.0,2
3141.0,2
3473.0,2
3179.0,2
3370.0,2
3760.0,2
3492.0,2
3690.0,2
3346.0,2
3734.0,2
3430.0,2
3539.0,2
3298.0,2
3288.0,2
4026.0,2
3753.0,2
3413.0,2
3437.0,2
3312.0,2
3348.0,2
3573.0,2
3632.0,2
3057.0,2
3611.0,2
3544.0,2
3618.0,2
3784.0,2
3426.0,2
3561.0,2
3606.0,2
3339.0,2
3257.0,2
2956.0,2
3559.0,2
3385.0,2
3389.0,2
3208.0,2
2990.0,2
3139.0,2
3818.0,1
3967.0,1
3381.0,1
3841.0,1
3672.0,1
3850.0,1
3681.0,1
3772.0,1
3620.0,1
3471.0,1
3978.0,1
3900.0,1
3510.0,1
3560.0,1
3571.0,1
3476.0,1
3745.0,1
3487.0,1
3840.0,1
3764.0,1
4078.0,1
3657.0,1
3917.0,1
3761.0,1
3514.0,1
3375.0,1
3713.0,1
3609.0,1
3441.0,1
3728.0,1
3943.0,1
3610.0,1
3643.0,1
4012.0,1
3500.0,1
3540.0,1
3655.0,1
3511.0,1
3719.0,1
3461.0,1
3414.0,1
4054.0,1
3594.0,1
3522.0,1
3939.0,1
3749.0,1
3551.0,1
3399.0,1
3788.0,1
3566.0,1
3737.0,1
3783.0,1
3744.0,1
4018.0,1
3926.0,1
3608.0,1
3359.0,1
3739.0,1
3627.0,1
3882.0,1
3391.0,1
3589.0,1
3680.0,1
3668.0,1
3378.0,1
3518.0,1
3614.0,1
3644.0,1
3595.0,1
3661.0,1
3528.0,1
3480.0,1
3153.0,1
3938.0,1
3718.0,1
3740.0,1
3025.0,1
3553.0,1
3999.0,1
3538.0,1
3533.0,1
3682.0,1
3529.0,1
3791.0,1
3401.0,1
3451.0,1
3676.0,1
3429.0,1
3694.0,1
3686.0,1
3468.0,1
3704.0,1
3392.0,1
3530.0,1
3793.0,1
3293.0,1
3752.0,1
3570.0,1
4033.0,1
4002.0,1
3622.0,1
3693.0,1
3809.0,1
3732.0,1
3586.0,1
3782.0,1
3583.0,1
4043.0,1
3503.0,1
3671.0,1
3675.0,1
3423.0,1
3543.0,1
3664.0,1
3653.0,1
3773.0,1
3596.0,1
3679.0,1
3646.0,1
3579.0,1
4092.0,1
4025.0,1
3456.0,1
3628.0,1
3696.0,1
3899.0,1
4070.0,1
3845.0,1
3470.0,1
3593.0,1
3949.0,1
3373.0,1
3554.0,1
3567.0,1
3403.0,1
3602.0,1
3651.0,1
3402.0,1
3556.0,1
4122.5,1
3568.0,1
3521.0,1
3464.0,1
3356.0,1
3811.0,1
3397.0,1
3942.0,1
3536.0,1
3462.0,1
3431.0,1
3410.0,1
3400.0,1
3486.0,1
3425.0,1
3443.0,1
3638.0,1
3467.0,1
3656.0,1
3458.0,1
4066.0,1
3677.0,1
3988.0,1
3547.0,1
3239.0,1
3697.0,1
3495.0,1
3496.0,1
3563.0,1
4079.0,1
3598.0,1
3637.0,1
3446.0,1
3747.0,1
3866.0,1
3892.0,1
3485.0,1
3569.0,1
